n_estimators,max_depth,learning_rate,subsample,colsample_bytree,reg_lambda,mean_icir,std_score
200,4,0.03,0.9,1.0,5.0,0.20187523235234184,0.3112139095181868
300,4,0.03,0.9,1.0,5.0,0.19854554384834053,0.3037771623922638
200,4,0.05,0.9,1.0,5.0,0.19654574434469718,0.29794368936214016
300,4,0.05,0.9,1.0,5.0,0.19355346350419944,0.30214335336336334
200,5,0.03,0.9,1.0,5.0,0.19184466463361394,0.28872260149644347
500,4,0.05,0.9,1.0,5.0,0.18964439703648725,0.3039697048511991
500,4,0.03,0.9,1.0,5.0,0.18950610124088269,0.2946512869967499
300,5,0.03,0.9,1.0,5.0,0.18720126890409594,0.29030757170285687
500,5,0.03,0.9,1.0,5.0,0.1860224955395131,0.2885825559845564
200,5,0.1,0.9,1.0,5.0,0.18371767710122427,0.23576386467071578
200,5,0.05,0.9,1.0,5.0,0.17966163960313103,0.29274688523959824
300,5,0.05,0.9,1.0,5.0,0.17854840390368662,0.2804445509443253
300,5,0.1,0.9,1.0,5.0,0.17748735239691768,0.23001712149930179
300,4,0.03,0.7,1.0,5.0,0.17736013149926821,0.26103983435996436
200,4,0.03,0.9,1.0,10.0,0.17662238593451532,0.2825333447412571
200,4,0.03,0.7,1.0,5.0,0.1754446277028473,0.2622702116286404
500,4,0.03,0.9,1.0,10.0,0.17543042227932387,0.2745771163039459
300,4,0.03,0.9,1.0,10.0,0.1729833389867912,0.2866251096240667
300,4,0.05,0.9,1.0,20.0,0.17008229275739722,0.23825485014050407
500,4,0.05,0.9,1.0,20.0,0.16897368205927626,0.24124458596154202
500,5,0.05,0.9,1.0,5.0,0.1684238367465673,0.264161589501592
300,4,0.1,0.9,1.0,5.0,0.16826113791530062,0.4060927549967241
200,4,0.05,0.9,1.0,20.0,0.167923517391238,0.23830801262842322
500,4,0.03,0.7,1.0,5.0,0.16506571547994833,0.2557495725005741
200,5,0.03,0.9,0.7,20.0,0.16442750524990035,0.25928275635263454
200,5,0.1,0.9,0.7,20.0,0.1588660523177991,0.28586894125753637
500,4,0.1,0.9,1.0,5.0,0.15834482653886148,0.39681559545273126
200,5,0.03,0.7,1.0,5.0,0.15558551040331442,0.32511067274491423
300,5,0.03,0.9,0.7,20.0,0.15554174739221147,0.24483614380442242
500,5,0.1,0.9,1.0,5.0,0.15226899906306235,0.2236335061895667
300,5,0.1,0.9,0.7,20.0,0.15105680968173035,0.269024299181998
200,5,0.05,0.9,0.7,20.0,0.15068027590965666,0.2653549586125385
500,4,0.05,0.9,1.0,10.0,0.15063453167668728,0.33056208795419784
200,4,0.1,0.9,1.0,5.0,0.15051191646198994,0.3793411141064373
300,5,0.03,0.7,1.0,5.0,0.1502670314881056,0.31674675318980555
300,3,0.1,0.9,1.0,20.0,0.14832036455064415,0.34015229116904777
300,5,0.05,0.9,0.7,20.0,0.14628697239995886,0.2584680476737679
300,4,0.05,0.9,1.0,10.0,0.1457345735993601,0.32568282772818796
300,3,0.1,0.9,1.0,10.0,0.14328119456759728,0.26851671809385874
500,5,0.1,0.9,0.7,20.0,0.14220494414662058,0.26437801332727795
200,4,0.05,0.9,1.0,10.0,0.14197897637610418,0.3237886851103102
300,5,0.1,0.9,1.0,10.0,0.14197463521445383,0.2090675618731878
200,3,0.1,0.9,1.0,10.0,0.14116837051094694,0.27267175195079735
500,5,0.05,0.9,0.7,20.0,0.1410025946028447,0.24465646113721048
200,5,0.1,0.7,1.0,5.0,0.14082610430116832,0.23390972956834769
500,5,0.05,0.9,1.0,10.0,0.14080992281356658,0.24721933235898197
200,3,0.03,0.7,1.0,5.0,0.14038833429357636,0.3128287319071849
500,3,0.1,0.9,1.0,20.0,0.13979368421649802,0.3380570394281429
300,5,0.03,0.9,1.0,10.0,0.13941554637386505,0.25809920530844144
500,5,0.03,0.9,0.7,20.0,0.13857372973118018,0.2385604539634309
500,5,0.03,0.9,1.0,10.0,0.13839638676547428,0.2587079630661885
300,3,0.03,0.9,0.7,5.0,0.1380177659183177,0.26595292991978026
200,5,0.05,0.9,1.0,10.0,0.13768392578117228,0.2508691469058572
200,3,0.05,0.7,1.0,5.0,0.13729647162325587,0.24679836805275582
200,5,0.1,0.9,1.0,10.0,0.13709342032132846,0.20609477576952762
500,5,0.03,0.7,1.0,5.0,0.1370331319378083,0.3128064666628291
500,3,0.05,0.7,1.0,5.0,0.13658848912389793,0.24893372720193144
200,5,0.05,0.7,1.0,20.0,0.1355738158264194,0.287072034580829
200,5,0.03,0.9,1.0,10.0,0.1353166693234418,0.2587897688964808
300,5,0.05,0.9,1.0,10.0,0.13448184346074626,0.25139562621056233
500,3,0.1,0.9,1.0,10.0,0.13444146227599607,0.25953661284896634
200,4,0.1,0.9,1.0,20.0,0.13394323009966297,0.2669055276711613
200,3,0.1,0.9,1.0,20.0,0.13289625791042944,0.32565255355968714
300,5,0.05,0.7,1.0,20.0,0.13272109739240762,0.28546493833637865
200,3,0.03,0.9,1.0,10.0,0.1325651486650323,0.24613162613702344
500,5,0.1,0.9,1.0,10.0,0.13209041312003802,0.21144870674349603
500,5,0.03,0.7,0.7,5.0,0.13201477666457134,0.26710426338740006
500,4,0.1,0.9,1.0,20.0,0.13198081323154132,0.2567993751967966
300,4,0.1,0.9,1.0,20.0,0.1311286141820923,0.26432539073829875
500,5,0.03,0.7,0.7,10.0,0.13109697214560154,0.25027140463510644
200,5,0.03,0.7,0.7,5.0,0.13094704196437154,0.25856431559288123
300,3,0.05,0.7,1.0,5.0,0.13056125214861486,0.2542934791398296
300,5,0.03,0.7,0.7,10.0,0.13042255962629878,0.25855308246107583
300,3,0.03,0.9,1.0,10.0,0.13041985946515122,0.24030559607465016
300,5,0.03,0.7,0.7,5.0,0.13011432581440344,0.2628805430227913
200,5,0.03,0.7,1.0,10.0,0.1289034806773584,0.2755843164372415
500,3,0.03,0.9,0.7,5.0,0.12863218928164877,0.27297913544913693
300,5,0.1,0.7,1.0,5.0,0.1284902048949408,0.21599341363526703
200,5,0.05,0.9,0.7,10.0,0.1272545881274231,0.22129715783128864
300,3,0.03,0.7,1.0,5.0,0.12646312715918662,0.3116676233540986
200,4,0.1,0.9,0.7,5.0,0.12640465624103164,0.2844020775207557
300,5,0.03,0.9,0.7,5.0,0.12619999035871377,0.22856281159811634
300,5,0.05,0.9,0.7,10.0,0.12603626397074033,0.21765515087431794
500,5,0.03,0.7,1.0,10.0,0.12601167712691175,0.26741816340448954
200,5,0.03,0.7,0.7,10.0,0.12599448666494278,0.26636248296419596
200,4,0.05,0.7,1.0,20.0,0.12586268059343353,0.3116871725460542
200,5,0.03,0.9,0.7,5.0,0.12583249057838386,0.23084182010991855
300,5,0.03,0.7,1.0,10.0,0.12574622392057128,0.27415546700211596
200,3,0.03,0.9,0.7,5.0,0.12532502665432182,0.2563880828288042
500,5,0.03,0.9,0.7,5.0,0.12508630788884206,0.2305354346529017
500,5,0.05,0.9,0.7,10.0,0.12415308066564014,0.21245490814067916
200,4,0.1,0.7,0.7,5.0,0.12405637298386965,0.2534001958910277
200,3,0.1,0.7,1.0,5.0,0.12361091649328938,0.28397335616401687
300,4,0.1,0.9,0.7,5.0,0.12336916300493085,0.2822070657893751
200,3,0.1,0.9,0.7,10.0,0.12280835123386305,0.2831235901139401
300,4,0.05,0.7,1.0,20.0,0.1225878927439949,0.29888864594980613
500,3,0.05,0.7,0.7,5.0,0.12137735415058105,0.2488696848454814
500,5,0.1,0.7,1.0,5.0,0.12086516995529403,0.21614072237818474
200,3,0.05,0.7,1.0,20.0,0.12064352048591984,0.28782705928004415
500,5,0.05,0.7,1.0,20.0,0.1201573952142573,0.277330488735134
200,5,0.05,0.7,1.0,10.0,0.12011230985772617,0.2745483387492895
200,5,0.05,0.7,0.7,5.0,0.11999743288748779,0.26741625905977795
300,3,0.1,0.9,0.7,10.0,0.11998615817595279,0.29719315668619584
300,5,0.03,0.9,1.0,20.0,0.11980060407738993,0.25233282390713596
500,3,0.03,0.9,1.0,10.0,0.11962109111742439,0.23543127708393638
300,5,0.05,0.7,1.0,10.0,0.11885019613563395,0.2735714839510347
500,3,0.05,0.9,1.0,10.0,0.11855716223613748,0.20913547163086305
200,4,0.03,0.7,0.7,10.0,0.11852605681506218,0.29389956692042396
500,3,0.1,0.9,0.7,10.0,0.11850052374129552,0.2964429941544917
300,5,0.05,0.7,0.7,5.0,0.11836815660873007,0.26562838337317995
500,5,0.05,0.7,0.7,5.0,0.1178951967856239,0.2635019418212153
500,3,0.03,0.7,1.0,5.0,0.11751857409831765,0.3097948994342538
200,5,0.03,0.9,1.0,20.0,0.11698195152448662,0.2513300537508664
500,5,0.05,0.7,1.0,10.0,0.11685369889449466,0.2764309444096986
500,5,0.03,0.9,1.0,20.0,0.11638365997462773,0.2447594842862864
500,4,0.05,0.7,1.0,20.0,0.11563862438642869,0.3029502099913427
200,3,0.05,0.7,1.0,10.0,0.11446574367534376,0.30585787137762865
300,3,0.05,0.7,1.0,20.0,0.11442680219695195,0.29074757450010574
300,5,0.05,0.9,0.7,5.0,0.1139295653865294,0.2470016739751066
300,3,0.05,0.7,0.7,5.0,0.11353696247764855,0.23089243803869663
300,4,0.1,0.7,0.7,5.0,0.11351425333820764,0.2432317232137034
300,4,0.03,0.9,0.7,5.0,0.11323123035516192,0.29140123893153685
500,5,0.05,0.9,0.7,5.0,0.11313167353833739,0.24413872546324847
500,4,0.1,0.7,1.0,10.0,0.11286356085529854,0.27480892674731
300,3,0.1,0.9,0.7,5.0,0.11272378105402946,0.2587399912830176
200,4,0.03,0.9,0.7,5.0,0.11135399469606909,0.29840059373065186
500,3,0.05,0.7,1.0,20.0,0.11073572353231952,0.29130535009205544
300,3,0.05,0.7,1.0,10.0,0.11057654016790655,0.2964818905809245
300,3,0.1,0.7,1.0,5.0,0.11038783845794917,0.2985457384775314
300,4,0.05,0.7,0.7,10.0,0.10962929781285906,0.2865266232706624
500,4,0.1,0.9,0.7,5.0,0.10934042191943724,0.2808160421339249
500,4,0.03,0.9,0.7,5.0,0.10899183024651318,0.2831835014576779
200,4,0.05,0.7,0.7,10.0,0.10884693701348383,0.27358736214606333
200,5,0.05,0.9,0.7,5.0,0.10880156221720955,0.2575542065307628
300,3,0.05,0.9,1.0,10.0,0.10861097643911136,0.2131606052805703
300,4,0.03,0.7,0.7,10.0,0.1075549737254657,0.29754136807904463
500,3,0.1,0.9,0.7,5.0,0.10736151766682805,0.2548738784226662
200,3,0.1,0.9,0.7,5.0,0.10733806469194972,0.24543840706837475
300,5,0.03,0.9,0.7,10.0,0.10652161465482048,0.22399283300439657
500,3,0.1,0.7,1.0,5.0,0.10626169001095585,0.29347685143449986
300,4,0.05,0.7,1.0,10.0,0.10581696846904602,0.3097625203937485
300,4,0.05,0.9,0.7,5.0,0.10548695842550691,0.2733043653359513
200,4,0.1,0.7,1.0,10.0,0.10536107975164286,0.2873849513889339
200,3,0.05,0.7,0.7,5.0,0.1053337135585338,0.2230361007913405
300,4,0.1,0.7,1.0,10.0,0.1051565262248341,0.2823694178542049
300,5,0.03,0.7,0.7,20.0,0.10468913333328361,0.26428375171424395
500,4,0.1,0.7,1.0,20.0,0.10465127488981815,0.3318658876019998
200,5,0.1,0.7,1.0,10.0,0.10452170455891327,0.2714972061294696
500,4,0.05,0.7,1.0,10.0,0.10433621938638887,0.3062658535623988
300,5,0.05,0.7,0.7,20.0,0.10390354733220061,0.24704157177332436
200,5,0.03,0.7,0.7,20.0,0.1038303440201099,0.2622930102485508
200,3,0.05,0.9,1.0,10.0,0.10359236524008805,0.20722567904476658
200,5,0.05,0.7,0.7,20.0,0.10352648970262543,0.24359564793279606
500,5,0.03,0.9,0.7,10.0,0.10345722930219295,0.2208227472357984
500,3,0.05,0.7,1.0,10.0,0.10300406749597413,0.2975792403328578
200,5,0.03,0.9,0.7,10.0,0.10278666470188269,0.2219126838005175
200,3,0.03,0.7,1.0,10.0,0.10270624318947084,0.2541401110672161
200,5,0.03,0.7,1.0,20.0,0.10238556775684647,0.25502871366006125
500,3,0.1,0.9,0.7,20.0,0.10236720740012133,0.27734915179232456
300,5,0.03,0.7,1.0,20.0,0.10217808077246082,0.2513005411178459
500,5,0.03,0.7,0.7,20.0,0.10175813783398217,0.2586547840774691
200,5,0.05,0.7,1.0,5.0,0.10162625493597632,0.2276291765969758
500,4,0.1,0.7,0.7,5.0,0.10159713043163006,0.24279700231218815
200,4,0.1,0.9,0.7,20.0,0.10143075930175005,0.258472013603309
300,5,0.1,0.7,0.7,5.0,0.10119679115673698,0.21729204802085247
300,4,0.1,0.9,0.7,20.0,0.10098186469114719,0.24903454900301658
300,3,0.05,0.7,0.7,10.0,0.10095543615168293,0.2868769316704619
500,4,0.03,0.7,0.7,10.0,0.10011845128281929,0.2864613106283247
500,3,0.05,0.7,0.7,10.0,0.10003339663126298,0.28695212440021023
200,4,0.05,0.7,1.0,10.0,0.09998457252041296,0.3128390581825616
500,5,0.05,0.7,0.7,20.0,0.09984876844341353,0.2381767454436775
500,4,0.05,0.9,0.7,5.0,0.09974350431416361,0.26947279221931303
500,4,0.05,0.9,0.7,20.0,0.09959136271285834,0.30774404157844465
200,5,0.1,0.7,0.7,5.0,0.09956045040512297,0.22061884250151034
300,3,0.1,0.9,0.7,20.0,0.09933474511872689,0.29085894094841436
300,5,0.05,0.7,1.0,5.0,0.098448503363716,0.23371056782844501
300,3,0.03,0.7,1.0,10.0,0.09837943779158717,0.2532335000143039
500,5,0.03,0.7,1.0,20.0,0.09815101033469624,0.24393902539840312
500,3,0.1,0.9,1.0,5.0,0.09807104844041128,0.2717945467021862
500,4,0.03,0.9,0.7,20.0,0.09788113254201374,0.23779370963926164
500,4,0.05,0.7,0.7,10.0,0.09776661719701513,0.2775643230570049
200,4,0.05,0.9,0.7,5.0,0.09771581178709383,0.28061653917738655
300,4,0.03,0.9,0.7,20.0,0.09761744536269246,0.2452818221351861
500,4,0.05,0.7,1.0,5.0,0.09745699843676113,0.27789442733410463
200,3,0.1,0.9,1.0,5.0,0.09702898516595432,0.27141523642529797
200,4,0.05,0.7,1.0,5.0,0.09690591687581887,0.28642140804761806
500,3,0.03,0.9,0.7,10.0,0.09517514932762508,0.21989515981214075
300,3,0.1,0.9,1.0,5.0,0.09510272690140475,0.27147173808651487
500,4,0.1,0.9,0.7,20.0,0.09459092737966268,0.24181859176258602
200,4,0.03,0.9,0.7,20.0,0.09455123572048364,0.2546180029392038
300,3,0.03,0.9,0.7,10.0,0.09450128752787867,0.2216078709016656
500,3,0.03,0.7,1.0,10.0,0.0940527943933885,0.2650799361052749
300,4,0.1,0.7,1.0,20.0,0.09401974101040086,0.3241616131270502
200,5,0.1,0.7,1.0,20.0,0.09401075055342256,0.22995553719101672
200,5,0.05,0.9,1.0,20.0,0.09343285145482229,0.2135193343012418
300,4,0.05,0.9,0.7,20.0,0.09311820757316071,0.30932598749964796
200,4,0.05,0.9,0.7,20.0,0.0927725848162797,0.3116376692912798
200,3,0.1,0.9,0.7,20.0,0.09257782282550187,0.282099958818863
300,3,0.03,0.9,1.0,5.0,0.09230540139615788,0.269034262581568
300,4,0.05,0.7,1.0,5.0,0.09126201697321322,0.28374407413677816
500,5,0.05,0.7,1.0,5.0,0.09097082532777027,0.2308907254192779
200,3,0.03,0.9,1.0,5.0,0.09045389128567748,0.2538599334114719
300,5,0.1,0.7,1.0,20.0,0.09013102428626386,0.23586180043568358
200,4,0.1,0.7,1.0,20.0,0.09000588287035385,0.321290613224363
500,3,0.03,0.9,1.0,5.0,0.08988182194161212,0.2627686794219855
300,5,0.1,0.7,1.0,10.0,0.0880178356233495,0.25656238278445315
200,3,0.05,0.7,0.7,10.0,0.08734567668530308,0.2890552567889709
500,5,0.1,0.7,0.7,5.0,0.08706457005778967,0.21135093551169046
200,4,0.1,0.7,1.0,5.0,0.08680148023561036,0.25233896172315956
300,4,0.1,0.7,1.0,5.0,0.08663275699981879,0.2477231966682149
300,5,0.05,0.9,1.0,20.0,0.08624497879147407,0.20566778601244012
300,3,0.05,0.9,1.0,5.0,0.08586270403872326,0.23109363758186413
200,3,0.03,0.9,0.7,10.0,0.08507659661440249,0.21559255287491644
200,3,0.05,0.9,1.0,5.0,0.08375958356707625,0.21896058789991804
500,3,0.05,0.9,1.0,5.0,0.08361461584183222,0.23069961187903087
500,5,0.05,0.9,1.0,20.0,0.08312692732085931,0.19095736682544717
500,4,0.05,0.7,0.7,20.0,0.07967915028692882,0.31244787140547226
200,5,0.1,0.9,0.7,10.0,0.07947300264769262,0.2139928342516932
500,5,0.1,0.7,1.0,20.0,0.0790294855969285,0.2274631575639754
200,4,0.03,0.7,0.7,5.0,0.0788887374386051,0.23569135512522932
300,4,0.05,0.7,0.7,20.0,0.07793594226416432,0.3184639899487819
300,5,0.1,0.9,0.7,10.0,0.07790729072483368,0.21130196571878973
200,5,0.05,0.7,0.7,10.0,0.07775084193330384,0.2836795661209416
300,4,0.05,0.7,0.7,5.0,0.07656676053564548,0.312552102672682
500,5,0.1,0.7,1.0,10.0,0.07647207905174952,0.24166585343161476
200,5,0.1,0.9,0.7,5.0,0.07618590344089872,0.261977593171343
200,4,0.1,0.7,0.7,10.0,0.07562393283732824,0.26336769337086696
200,5,0.1,0.7,0.7,20.0,0.07531280705301543,0.26329089871925027
300,5,0.05,0.7,0.7,10.0,0.07521961819463928,0.27399840674989123
300,3,0.1,0.7,1.0,20.0,0.0749369880896431,0.3116425073920072
300,4,0.03,0.7,0.7,5.0,0.0733816715177808,0.2420834859001863
200,4,0.03,0.7,1.0,20.0,0.07333409738535383,0.2935038451579953
500,4,0.03,0.7,0.7,5.0,0.07307258765546543,0.2517999168949382
200,4,0.05,0.7,0.7,5.0,0.07281362172471484,0.3135233817366876
200,3,0.03,0.9,1.0,20.0,0.07161929706530787,0.22847620985944744
300,4,0.03,0.7,1.0,20.0,0.0714393464031974,0.284241870055677
500,5,0.05,0.7,0.7,10.0,0.07109742559214373,0.2724916305593624
500,4,0.1,0.7,1.0,5.0,0.07029331604187339,0.23290721170618142
500,4,0.03,0.7,1.0,20.0,0.07004098979016922,0.2787677443261879
300,5,0.1,0.9,0.7,5.0,0.06994157405877195,0.2507712293290778
200,4,0.05,0.9,0.7,10.0,0.06945481341332548,0.32153408140131706
500,3,0.1,0.7,1.0,20.0,0.06934114614527898,0.3050349823289764
500,3,0.03,0.9,1.0,20.0,0.06908527680810467,0.2188829622300933
200,3,0.1,0.7,1.0,20.0,0.06841246234727827,0.31146648475210065
300,5,0.1,0.9,1.0,20.0,0.06834182500204883,0.21071624588269844
200,5,0.1,0.9,1.0,20.0,0.06810654666723376,0.21414049052685424
300,4,0.1,0.7,0.7,10.0,0.06703145882886774,0.26762750741538216
300,3,0.03,0.9,1.0,20.0,0.06639654010840516,0.22209297770622924
500,5,0.1,0.9,0.7,10.0,0.06575651975975,0.20815298608163663
500,4,0.03,0.9,1.0,20.0,0.06562921959582596,0.2395947839673341
200,4,0.1,0.9,1.0,10.0,0.06521052989481844,0.2897039233485028
500,3,0.05,0.9,0.7,10.0,0.06501820828596992,0.2029504631927812
500,5,0.1,0.7,0.7,20.0,0.06480401924820461,0.2537329629933316
500,4,0.1,0.9,1.0,10.0,0.06469057848015736,0.2621925039629726
300,3,0.03,0.7,1.0,20.0,0.06462478800137769,0.25596852300836265
200,4,0.05,0.7,0.7,20.0,0.06380860279066522,0.32741991945909665
500,5,0.1,0.9,0.7,5.0,0.06377128766689293,0.24046623774240958
500,4,0.05,0.7,0.7,5.0,0.06324417749108611,0.30181318179514527
200,5,0.1,0.7,0.7,10.0,0.06309355613544546,0.30056798693640707
200,3,0.05,0.9,1.0,20.0,0.06277717541502384,0.2560068866684341
500,3,0.05,0.9,1.0,20.0,0.061690870512687665,0.2424922676578867
300,4,0.1,0.9,1.0,10.0,0.06163043992425164,0.28119778911204835
200,3,0.03,0.7,1.0,20.0,0.06154316147436922,0.2462245167435821
300,4,0.05,0.9,0.7,10.0,0.061386514533793984,0.3105578866870026
500,4,0.1,0.7,0.7,10.0,0.06124140006870843,0.2652819496371198
500,4,0.05,0.9,0.7,10.0,0.06058273325439459,0.30475698130857837
500,5,0.1,0.9,1.0,20.0,0.060371802616250345,0.20810963268715257
300,3,0.05,0.9,0.7,10.0,0.05985155636419942,0.19391999883417696
300,5,0.1,0.7,0.7,10.0,0.059626392052140625,0.2834461186883715
300,3,0.05,0.9,1.0,20.0,0.05892238675206944,0.2507456721956422
500,3,0.03,0.7,1.0,20.0,0.05881413368102671,0.2625405087478516
300,3,0.05,0.9,0.7,20.0,0.05764489323114576,0.29704779589311614
300,4,0.03,0.9,0.7,10.0,0.05742088455371361,0.27053984261845754
200,3,0.05,0.9,0.7,20.0,0.0570530274894631,0.2944829094664853
300,5,0.1,0.7,0.7,20.0,0.05602615342645313,0.24829120470325852
500,3,0.05,0.9,0.7,20.0,0.05572359662537438,0.2773663047524121
200,3,0.05,0.9,0.7,10.0,0.05530325450461247,0.19180640189026743
200,4,0.03,0.9,0.7,10.0,0.05441487103061968,0.2733551297362505
500,3,0.1,0.7,0.7,5.0,0.053255910080492075,0.20377629988459847
500,4,0.03,0.9,0.7,10.0,0.05302302920990601,0.27629289644781
200,3,0.03,0.7,0.7,10.0,0.052403220101893605,0.20226104213716772
300,4,0.03,0.9,1.0,20.0,0.052193058692889205,0.2351360562979295
500,3,0.03,0.9,0.7,20.0,0.05183970411209154,0.19576542570397695
200,3,0.1,0.7,0.7,20.0,0.051272887248421745,0.25285762671165496
300,3,0.03,0.7,0.7,10.0,0.05088780551789098,0.20586016896998036
500,3,0.1,0.7,0.7,20.0,0.05061013413587792,0.2662178025035661
300,3,0.1,0.7,0.7,20.0,0.04992200070869514,0.2563425067028702
500,5,0.1,0.7,0.7,10.0,0.04950109162498906,0.2720476873990707
200,4,0.1,0.9,0.7,10.0,0.04900597033308399,0.2834884924711002
500,3,0.1,0.7,1.0,10.0,0.048505742054229056,0.30009702289848933
200,4,0.03,0.9,1.0,20.0,0.048199147174376164,0.23251437268512892
300,3,0.1,0.7,0.7,5.0,0.04798095512684101,0.19501902587023912
500,4,0.03,0.7,0.7,20.0,0.045799195186153885,0.30880611451623075
300,4,0.1,0.9,0.7,10.0,0.0450940827711898,0.278084664999188
300,3,0.03,0.9,0.7,20.0,0.044936522929353094,0.18957235244978163
500,4,0.03,0.7,1.0,10.0,0.043632734465064764,0.2665609398465737
200,3,0.1,0.7,0.7,5.0,0.04355283903198065,0.20062724728638795
300,4,0.03,0.7,0.7,20.0,0.040984681763960334,0.3119319699927108
300,3,0.1,0.7,0.7,10.0,0.04022494389772843,0.2707739643613145
300,4,0.03,0.7,1.0,10.0,0.0400397613048963,0.26803950435833673
200,3,0.03,0.9,0.7,20.0,0.03981165246077341,0.1850060360812743
200,3,0.03,0.7,0.7,5.0,0.03941064520529403,0.17466822252232786
500,3,0.1,0.7,0.7,10.0,0.03918086217849265,0.28664239586394724
200,4,0.03,0.7,0.7,20.0,0.038099332054003635,0.3130649781157977
200,3,0.1,0.7,0.7,10.0,0.03756854325505429,0.2782841839147284
200,4,0.03,0.7,1.0,10.0,0.03710676831188178,0.2726063995242149
500,3,0.03,0.7,0.7,10.0,0.03678943853878551,0.20991765732591547
300,3,0.1,0.7,1.0,10.0,0.036544700734925495,0.3039388076446583
500,3,0.03,0.7,0.7,5.0,0.03582147498851749,0.1818376387835161
200,3,0.1,0.7,1.0,10.0,0.035412662837908365,0.3172352378389572
500,4,0.1,0.9,0.7,10.0,0.035250473531588444,0.2675437797022408
300,3,0.03,0.7,0.7,5.0,0.030760384362390904,0.18183266236266377
300,3,0.05,0.7,0.7,20.0,0.024439851121252604,0.27298163071893183
500,3,0.05,0.7,0.7,20.0,0.02341542381543274,0.26606953620935153
200,3,0.05,0.7,0.7,20.0,0.021187036181339644,0.2678535329993609
200,3,0.03,0.7,0.7,20.0,0.02052517238202385,0.20168315467015674
300,3,0.05,0.9,0.7,5.0,0.015340572233907335,0.23473050144327995
300,3,0.03,0.7,0.7,20.0,0.014770221475731662,0.20022096763657257
500,3,0.03,0.7,0.7,20.0,0.013265970214270256,0.1977203433859038
500,3,0.05,0.9,0.7,5.0,0.0068694752038574725,0.2335668512248437
200,3,0.05,0.9,0.7,5.0,-0.0028086224686436484,0.23080464564409064
500,4,0.1,0.7,0.7,20.0,-0.005744193225621516,0.22922441153385043
300,4,0.1,0.7,0.7,20.0,-0.011061865466658188,0.23965581382368878
200,4,0.1,0.7,0.7,20.0,-0.020090786880750888,0.23735646550866898
